<?xml version="1.0" encoding="ISO-8859-1" ?>
<?xml-stylesheet title="XSL_formatting" type="text/xsl" href="/shared/bsp/xsl/rss/nolsol.xsl"?>
<rss version="2.0"><channel>
	<title>BBC News | News Front Page | World Edition</title>
	<link>http://news.bbc.co.uk/go/rss/-/2/hi/default.stm</link>
	<description>Updated every minute of every day</description>
	<language>en-gb</language>
	<lastBuildDate>Sat, 29 Oct 2005 02:17:32 GMT</lastBuildDate>
	<copyright>Copyright: (C) British Broadcasting Corporation, see http://news.bbc.co.uk/2/hi/help/rss/4498287.stm for terms and conditions of reuse</copyright>
	<docs>http://www.bbc.co.uk/syndication/</docs>
	<ttl>15</ttl>
		
		<image>
			<title>BBC News</title>
			<url>http://news.bbc.co.uk/nol/shared/img/bbc_news_120x60.gif</url>
			<link>http://news.bbc.co.uk</link>
		</image>
		
			<item>
        <title>Charged aide quits Cheney office</title>
        <description>A top White House aide quits after he is charged with perjury over a probe into the unmasking of a CIA agent.</description>
        <link>http://news.bbc.co.uk/go/rss/-/2/hi/americas/4386748.stm</link>
	
		<guid isPermaLink="false">http://news.bbc.co.uk/2/hi/americas/4386748.stm</guid>
		<pubDate>Fri, 28 Oct 2005 23:20:25 GMT</pubDate>
		
	
	
</item>
       		
			<item>
        <title>UN raps Iran's anti-Israel rant</title>
        <description>The UN Security Council condemns Iran's president over his call for Israel to be &quot;wiped off the map&quot;.</description>
        <link>http://news.bbc.co.uk/go/rss/-/2/hi/middle_east/4387206.stm</link>
	
		<guid isPermaLink="false">http://news.bbc.co.uk/2/hi/middle_east/4387206.stm</guid>
		<pubDate>Fri, 28 Oct 2005 22:31:12 GMT</pubDate>
		
	
	
</item>
       		
			<item>
        <title>Bolivia row forces election delay</title>
        <description>Bolivia's general election, which was due in December, is postponed amid a row over seat allocations.</description>
        <link>http://news.bbc.co.uk/go/rss/-/2/hi/americas/4387392.stm</link>
	
		<guid isPermaLink="false">http://news.bbc.co.uk/2/hi/americas/4387392.stm</guid>
		<pubDate>Sat, 29 Oct 2005 00:52:21 GMT</pubDate>
		
	
	
</item>
       		
			<item>
        <title>Talks due on Kashmir aid effort</title>
        <description>India and Pakistan are to discuss easing border controls so relief workers can reach quake-hit Kashmir.</description>
        <link>http://news.bbc.co.uk/go/rss/-/2/hi/south_asia/4387376.stm</link>
	
		<guid isPermaLink="false">http://news.bbc.co.uk/2/hi/south_asia/4387376.stm</guid>
		<pubDate>Sat, 29 Oct 2005 02:14:26 GMT</pubDate>
		
	
	
</item>
       		
			<item>
        <title>EU offers to cut farming tariffs</title>
        <description>Europe offers to cut farm tariffs by up to 60%, in an attempt to break the deadlock in world trade talks.</description>
        <link>http://news.bbc.co.uk/go/rss/-/2/hi/business/4385156.stm</link>
	
		<guid isPermaLink="false">http://news.bbc.co.uk/2/hi/business/4385156.stm</guid>
		<pubDate>Fri, 28 Oct 2005 20:54:59 GMT</pubDate>
		
	
	
</item>
       		
			<item>
        <title>Portuguese abortion vote denied</title>
        <description>Portugal's constitutional court scuppers next month's referendum on whether to relax abortion laws.</description>
        <link>http://news.bbc.co.uk/go/rss/-/2/hi/europe/4387406.stm</link>
	
		<guid isPermaLink="false">http://news.bbc.co.uk/2/hi/europe/4387406.stm</guid>
		<pubDate>Sat, 29 Oct 2005 01:44:03 GMT</pubDate>
		
	
	
</item>
       		
			<item>
        <title>Ivory Coast recruiting Liberians</title>
        <description>Ivory Coast is recruiting Liberians into its armed forces, says international pressure group, Human Rights Watch.</description>
        <link>http://news.bbc.co.uk/go/rss/-/2/hi/africa/4384570.stm</link>
	
		<guid isPermaLink="false">http://news.bbc.co.uk/2/hi/africa/4384570.stm</guid>
		<pubDate>Fri, 28 Oct 2005 12:40:21 GMT</pubDate>
		
	
	
</item>
       		
			<item>
        <title>Rosa Parks set to lie in honour</title>
        <description>Late civil rights icon Rosa Parks is to lie in honour in the Capitol Rotunda - the first woman to receive the tribute.</description>
        <link>http://news.bbc.co.uk/go/rss/-/2/hi/americas/4384632.stm</link>
	
		<guid isPermaLink="false">http://news.bbc.co.uk/2/hi/americas/4384632.stm</guid>
		<pubDate>Fri, 28 Oct 2005 21:47:39 GMT</pubDate>
		
	
	
</item>
       		
			<item>
        <title>Thousands join Gaza funeral</title>
        <description>Thousands of mourners gather in the Gaza Strip for the funerals of eight people killed in Israeli air strikes.</description>
        <link>http://news.bbc.co.uk/go/rss/-/2/hi/middle_east/4385402.stm</link>
	
		<guid isPermaLink="false">http://news.bbc.co.uk/2/hi/middle_east/4385402.stm</guid>
		<pubDate>Fri, 28 Oct 2005 20:53:42 GMT</pubDate>
		
	
	
</item>
       		
			<item>
        <title>Golf: Montgomerie takes lead</title>
        <description>Colin Montgomerie strengthens his bid for an eighth Order of Merit title as he takes a two-shot lead in the Volvo Masters.</description>
        <link>http://news.bbc.co.uk/go/rss/-/sport2/hi/golf/4386498.stm</link>
	
		<guid isPermaLink="false">http://news.bbc.co.uk/sport2/hi/golf/4386498.stm</guid>
		<pubDate>Fri, 28 Oct 2005 16:36:22 GMT</pubDate>
		
	
	
</item>
       		
			<item>
        <title>Cricket: Sri Lanka crumble</title>
        <description>Irfan Pathan takes 4-37 as India bowl Sri Lanka out for a paltry 122 in Mohali - and win by eight wickets.</description>
        <link>http://news.bbc.co.uk/go/rss/-/sport2/hi/cricket/4381936.stm</link>
	
		<guid isPermaLink="false">http://news.bbc.co.uk/sport2/hi/cricket/4381936.stm</guid>
		<pubDate>Fri, 28 Oct 2005 13:59:33 GMT</pubDate>
		
	
	
</item>
       		
			<item>
        <title>Zanzibar's polls 'will go ahead'</title>
        <description>Zanzibar's polls take place on Sunday despite the delay of mainland elections in Tanzania, the election commission says.</description>
        <link>http://news.bbc.co.uk/go/rss/-/2/hi/africa/4381834.stm</link>
	
		<guid isPermaLink="false">http://news.bbc.co.uk/2/hi/africa/4381834.stm</guid>
		<pubDate>Fri, 28 Oct 2005 11:00:26 GMT</pubDate>
		
	
	
</item>
       		
			<item>
        <title>Somali warlord threatens planes</title>
        <description>A Somali warlord says his militia will shoot down planes flying over Mogadishu diverted to other towns.</description>
        <link>http://news.bbc.co.uk/go/rss/-/2/hi/africa/4386904.stm</link>
	
		<guid isPermaLink="false">http://news.bbc.co.uk/2/hi/africa/4386904.stm</guid>
		<pubDate>Fri, 28 Oct 2005 20:54:47 GMT</pubDate>
		
	
	
</item>
       		
			<item>
        <title>Nicaragua prepares for storm Beta</title>
        <description>Homes are evacuated along Nicaragua's coast as Tropical Storm Beta threatens to strengthen a hurricane.</description>
        <link>http://news.bbc.co.uk/go/rss/-/2/hi/americas/4383940.stm</link>
	
		<guid isPermaLink="false">http://news.bbc.co.uk/2/hi/americas/4383940.stm</guid>
		<pubDate>Fri, 28 Oct 2005 21:29:18 GMT</pubDate>
		
	
	
</item>
       		
			<item>
        <title>Bush vows no let-up in terror war</title>
        <description>President Bush says the US will not tire in its &quot;war on terror&quot;, but avoids commenting on his domestic woes.</description>
        <link>http://news.bbc.co.uk/go/rss/-/2/hi/americas/4386162.stm</link>
	
		<guid isPermaLink="false">http://news.bbc.co.uk/2/hi/americas/4386162.stm</guid>
		<pubDate>Fri, 28 Oct 2005 16:14:47 GMT</pubDate>
		
	
	
</item>
       		
			<item>
        <title>China's Hu in rare N Korea visit</title>
        <description>China's President Hu Jintao is in North Korea for talks expected to focus on reinforcing a key nuclear deal.</description>
        <link>http://news.bbc.co.uk/go/rss/-/2/hi/asia-pacific/4383232.stm</link>
	
		<guid isPermaLink="false">http://news.bbc.co.uk/2/hi/asia-pacific/4383232.stm</guid>
		<pubDate>Fri, 28 Oct 2005 12:10:36 GMT</pubDate>
		
	
	
</item>
       		
			<item>
        <title>Japan charter reform proposed</title>
        <description>Japan's ruling party proposes  revising the country's constitution to formalise the role of its military.</description>
        <link>http://news.bbc.co.uk/go/rss/-/2/hi/asia-pacific/4384806.stm</link>
	
		<guid isPermaLink="false">http://news.bbc.co.uk/2/hi/asia-pacific/4384806.stm</guid>
		<pubDate>Fri, 28 Oct 2005 13:21:56 GMT</pubDate>
		
	
	
</item>
       		
			<item>
        <title>Court considers Berlusconi charge</title>
        <description>A court considers whether Italian Prime Minister Silvio Berlusconi should stand trial on corruption charges.</description>
        <link>http://news.bbc.co.uk/go/rss/-/2/hi/europe/4384108.stm</link>
	
		<guid isPermaLink="false">http://news.bbc.co.uk/2/hi/europe/4384108.stm</guid>
		<pubDate>Fri, 28 Oct 2005 16:23:03 GMT</pubDate>
		
	
	
</item>
       		
			<item>
        <title>Belgium hit by second mass strike</title>
        <description>Belgian workers cause widespread disruption with their second 24-hour strike this month over pension plans.</description>
        <link>http://news.bbc.co.uk/go/rss/-/2/hi/europe/4385710.stm</link>
	
		<guid isPermaLink="false">http://news.bbc.co.uk/2/hi/europe/4385710.stm</guid>
		<pubDate>Fri, 28 Oct 2005 17:07:57 GMT</pubDate>
		
	
	
</item>
       		
			<item>
        <title>Sistani ends Shia party backing</title>
        <description>Ayatollah Sistani, Iraq's most revered cleric, will not back any party in  December's vote, an official says.</description>
        <link>http://news.bbc.co.uk/go/rss/-/2/hi/middle_east/4385586.stm</link>
	
		<guid isPermaLink="false">http://news.bbc.co.uk/2/hi/middle_east/4385586.stm</guid>
		<pubDate>Fri, 28 Oct 2005 14:36:53 GMT</pubDate>
		
	
	
</item>
       		
			<item>
        <title>Syria renews vow to help UN probe</title>
        <description>Syrian President Bashar al-Assad  pledges co-operation with a UN inquiry after talks with his Egyptian counterpart.</description>
        <link>http://news.bbc.co.uk/go/rss/-/2/hi/middle_east/4385160.stm</link>
	
		<guid isPermaLink="false">http://news.bbc.co.uk/2/hi/middle_east/4385160.stm</guid>
		<pubDate>Fri, 28 Oct 2005 18:41:16 GMT</pubDate>
		
	
	
</item>
       		
			<item>
        <title>Indians flee approaching cyclone</title>
        <description>Thousands of people along India's south-east coast are evacuated, hours before a cyclone is due to hit land.</description>
        <link>http://news.bbc.co.uk/go/rss/-/2/hi/south_asia/4384146.stm</link>
	
		<guid isPermaLink="false">http://news.bbc.co.uk/2/hi/south_asia/4384146.stm</guid>
		<pubDate>Fri, 28 Oct 2005 12:46:42 GMT</pubDate>
		
	
	
</item>
       		
			<item>
        <title>Vodafone buys into India's Bharti</title>
        <description>Vodafone, the world's biggest mobile phone firm, buys a 10% stake in India's Bharti Tele-Ventures for $1.5bn.</description>
        <link>http://news.bbc.co.uk/go/rss/-/2/hi/business/4384258.stm</link>
	
		<guid isPermaLink="false">http://news.bbc.co.uk/2/hi/business/4384258.stm</guid>
		<pubDate>Fri, 28 Oct 2005 09:34:07 GMT</pubDate>
		
	
	
</item>
       		
			<item>
        <title>Mass policy forums 'way forward'</title>
        <description>US-style town hall meetings are being hailed as the way forward for helping form public policy as the last mass health consultation takes place.</description>
        <link>http://news.bbc.co.uk/go/rss/-/2/hi/health/4385034.stm</link>
	
		<guid isPermaLink="false">http://news.bbc.co.uk/2/hi/health/4385034.stm</guid>
		<pubDate>Fri, 28 Oct 2005 23:08:18 GMT</pubDate>
		
	
	
</item>
       		
			<item>
        <title>US economy enjoys faster growth</title>
        <description>US economic growth accelerated to 3.8% in the third quarter, driven by strong consumer and state spending.</description>
        <link>http://news.bbc.co.uk/go/rss/-/2/hi/business/4385628.stm</link>
	
		<guid isPermaLink="false">http://news.bbc.co.uk/2/hi/business/4385628.stm</guid>
		<pubDate>Fri, 28 Oct 2005 14:09:26 GMT</pubDate>
		
	
	
</item>
       		
			<item>
        <title>Scientists discover dyslexia gene</title>
        <description>Up to a fifth of dyslexia cases could be caused by a faulty version of a gene called DCDC2, scientists believe.</description>
        <link>http://news.bbc.co.uk/go/rss/-/2/hi/health/4384414.stm</link>
	
		<guid isPermaLink="false">http://news.bbc.co.uk/2/hi/health/4384414.stm</guid>
		<pubDate>Fri, 28 Oct 2005 15:39:27 GMT</pubDate>
		
	
	
</item>
       		
			<item>
        <title>Italian laboratory clones 14 pigs</title>
        <description>The Italian research group that produced the first horse clone has announced the birth of 14 pig clones.</description>
        <link>http://news.bbc.co.uk/go/rss/-/2/hi/science/nature/4386510.stm</link>
	
		<guid isPermaLink="false">http://news.bbc.co.uk/2/hi/science/nature/4386510.stm</guid>
		<pubDate>Fri, 28 Oct 2005 16:17:43 GMT</pubDate>
		
	
	
</item>
       		
			<item>
        <title>Supercomputer doubles own record</title>
        <description>The Blue Gene supercomputer breaks its record, doubling the calculations it can do a second to 280.6 trillion.</description>
        <link>http://news.bbc.co.uk/go/rss/-/2/hi/technology/4386404.stm</link>
	
		<guid isPermaLink="false">http://news.bbc.co.uk/2/hi/technology/4386404.stm</guid>
		<pubDate>Fri, 28 Oct 2005 18:18:04 GMT</pubDate>
		
	
	
</item>
       		
			<item>
        <title>Legal defeat for accused Spector</title>
        <description>Statements said to have been made by music producer Phil Spector can be used in his murder trial, a judge rules.</description>
        <link>http://news.bbc.co.uk/go/rss/-/2/hi/entertainment/4384022.stm</link>
	
		<guid isPermaLink="false">http://news.bbc.co.uk/2/hi/entertainment/4384022.stm</guid>
		<pubDate>Fri, 28 Oct 2005 03:26:58 GMT</pubDate>
		
	
	
</item>
       		

	
	
	
</channel>
</rss>

