<?xml version="1.0" encoding="UTF-8"?>
<!-- lots of cams at http://webcam.wow.ag  -->
<loopsequence>
  <defaults>
	 <!-- if the configfile tag is different to whats in memory, a new one is downloaded from the server if remote comms are active -->
    <configfile>config_1_0.xml</configfile>
  </defaults>
  <impressions>

    <impression>
      <id>1</id>
		<playlength>4</playlength>
		<order>1</order>
		<image_file>SplashLogo.jpg</image_file>
    </impression>

    <impression>
      <id>1000</id>
		<image_file>http://www.fallsview.com/Stream/netcam.jpg</image_file>
    </impression>

    <impression>
      <id>1001</id>
		<image_file>http://www.caroline.ococean.com/axis-cgi/jpg/image.cgi?resolution=640x480</image_file>
    </impression>

    <impression>
      <id>1002</id>
		<image_file>http://www.wirednewyork.com/webcam/wirednewyork.jpg</image_file>
    </impression>

    <impression>
      <id>1003</id>
		<image_file>http://www.kobenzl.at/webcam/pos1.jpg</image_file>
    </impression>

    <impression>
      <id>1004</id>
		<image_file>http://linuxweb1.ris.at/~steyrat/webcam/image.jpg</image_file>
    </impression>

    <impression>
      <id>1005</id>
		<image_file>http://romeo.skybert.no/trondheim/k3/cam3_image.jpg</image_file>
    </impression>

    <impression>
      <id>1005</id>
		<image_file>http://camera.primorye.ru/train/archive/640x480/current.jpg</image_file>
    </impression>

    <impression>
      <id>1006</id>
		<image_file>http://www.dvv.de/webcam/nordgross.jpg</image_file>
    </impression>

    <impression>
      <id>1007</id>
		<image_file>http://www.akademischer-seglerverein.de/ASVIM.de.Hires.WebCam.Image.jpg</image_file>
    </impression>

    <impression>
      <id>1008</id>
		<image_file>http://webcam.humlak.cz/hires/namesti/1600x1200.jpg</image_file>
    </impression>
    <impression>
      <id>1008</id>
		<image_file>http://webcam.humlak.cz/hires/pecpodsnezkou/1600x1200.jpg</image_file>
    </impression>
    <impression>
      <id>1008</id>
		<image_file>http://webcam.humlak.cz/hires/zacler/1600x1200.jpg</image_file>
    </impression>

    <impression>
      <id>10091</id>
		<image_file>http://www.ora-webcam.com/webcam_pierwindsurf/1280_wide_pierwindsurf.jpg</image_file></impression>

    <impression>
      <id>10092</id>
		<image_file>http://www.adelsdorf.de/webcam2/webcam-1280.jpg</image_file></impression>

    <impression>
      <id>10093</id>
		<image_file>http://www.kristall.tv/images/camMega.jpg</image_file></impression>

    <impression>
      <id>10094</id>
		<image_file>http://home.btconnect.com/minack//webcam.jpg</image_file></impression>

    <impression>
      <id>10095</id>
		<image_file>http://www.tauernhof.com/img/camVga.jpg</image_file></impression>

    <impression>
      <id>10096</id>
		<image_file>http://www.phantasialand.de/media_gallery/webcams/black_mamba/datei.jpg</image_file></impression>

    <impression>
      <id>10097</id>
		<image_file>http://www.schwarzwaldtanne.de/webcam_640/tanne_640.jpg</image_file></impression>

    <impression>
      <id>10098</id>
		<image_file>http://www.haus-benez.de/webcam/benez1280.jpg</image_file></impression>

    <impression>
      <id>10098</id>
		<image_file>http://www.moosleitner.com/MOBOTIX/webcam1280.jpg</image_file></impression>



    <impression>
      <id>1009</id>
		<image_file>http://www.fus-mitglieder.at/webcamfus/stgilgen/assets/images/zwoelf.jpg</image_file></impression>

    <impression>
      <id>1010</id>
		<image_file>http://www.moosleitner.com/MOBOTIX/webcam1280.jpg</image_file></impression>

    <impression>
      <id>1011</id>
		<image_file>http://www.wrl.unsw.edu.au/coastalimaging/argus/coolgtta/latest/c1.snap.jpg</image_file>	</impression>

    <impression>
      <id>1012</id>
		<image_file>http://www.wrl.unsw.edu.au/coastalimaging/argus/goldcst/latest/c4.snap.jpg</image_file>	</impression>

    <impression>
      <id>1013</id>
		<image_file>http://www.cmdl.noaa.gov/obop/spo/images/cmdlfullsize.jpg</image_file></impression>

    <impression>
      <id>1014</id>
		<image_file>http://vlbi.leipzig.ifag.de/ohiggins/ohig-web1.jpg</image_file></impression>

    <impression>
      <id>1014</id>
		<image_file>http://vlbi.leipzig.ifag.de/ohiggins/ohig-pingi-z.jpg</image_file></impression>

    <impression>
      <id>1015</id>
		<image_file>http://www.starrylink.it/webcam/brescia/brescia.jpg</image_file></impression>

   <impression>
      <id>1016</id>
		<image_file>http://www.ssec.wisc.edu/data/us_comp/image7.jpg</image_file>
	</impression>

   <impression>
      <id>1017</id><image_file>http://www.golfclub-mittersill.at/webcam/1280x960.jpg</image_file>
	</impression>

   <impression>
      <id>1018</id><image_file>http://www.moosleitner.com/MOBOTIX/webcam1280.jpg</image_file>
	</impression>

   <impression>
      <id>1019</id><image_file>http://www.alpspitzbahn.de/webcam/webcamberg.jpg</image_file>
	</impression>

   <impression>
      <id>1020</id><image_file>http://www.techcom.it/immagini/webcam/webcam.jpg</image_file>
	</impression>

   <impression>
      <id>1021</id><image_file>http://www.ds-shanghai.org.cn/webcam/image.jpg</image_file>
	</impression>


    <impression>
      <id>1</id>
      <media_file>101_multimedia_English_001.mpg</media_file>
    </impression>

  </impressions>
</loopsequence>
