<?xml version="1.0" encoding="iso-8859-1" ?>
<rss version="2.0" xmlns:media="http://search.yahoo.com/mrss">
<channel>
<title>Yahoo! News: Top Stories</title>
<copyright>Copyright (c) 2005 Yahoo! Inc. All rights reserved.</copyright>
<link>http://news.yahoo.com/i/716</link>
<description>Top Stories</description>
<language>en-us</language> 
<lastBuildDate>Sat, 29 Oct 2005 02:20:22 GMT</lastBuildDate>
<ttl>5</ttl> 
<image>
<title>Yahoo! News</title>
<width>142</width>
<height>18</height>
<link>http://news.yahoo.com/</link>
<url>http://us.i1.yimg.com/us.yimg.com/i/us/nws/th/main_142b.gif</url>
</image>
<item>
<title>Cheney Adviser Resigns After Indictment (AP)</title>
 <link>http://us.rd.yahoo.com/dailynews/rss/topstories/*http://news.yahoo.com/s/ap/20051029/ap_on_go_pr_wh/cia_leak_investigation</link>
 <guid isPermaLink="false">ap/20051029/cia_leak_investigation</guid>
<pubDate>Sat, 29 Oct 2005 02:20:22 GMT</pubDate>
<description><![CDATA[<p><a href="http://us.rd.yahoo.com/dailynews/rss/topstories/*http://news.yahoo.com/s/ap/20051029/ap_on_go_pr_wh/cia_leak_investigation"><img src="http://us.news3.yimg.com/us.i2.yimg.com/p/ap/20051028/capt.whre10110281414.cia_leak_investigation_whre101.jpg?x=101&amp;y=130&amp;sig=N4aBEbnOm36x5E6Pg1a6QQ--" align="left" height="130" width="101" alt="Vice President Dick Cheney's chief of staff, I. Lewis 'Scooter' Libby walks from the White House on crutches, Friday, Oct. 28, 2005, to the Eisenhower Executive Building on the White House compound. White House officials braced for the possibility that Cheney's top aide would be indicted in the CIA leak case, but held out hope presidential confidant Karl Rove might escape charges for the time being. (AP Photo/Pablo Martinez Monsivais )" border="0" /></a>AP - Vice President Dick Cheney&#039;s chief of staff resigned Friday after he was indicted on charges of obstructing a grand jury investigation and lying about his actions that blew the CIA cover of an Iraq war critic&#039;s wife.</p><br clear=all>]]></description>
     <media:content url="http://us.news3.yimg.com/us.i2.yimg.com/p/ap/20051028/capt.whre10110281414.cia_leak_investigation_whre101.jpg?x=101&amp;y=130&amp;sig=N4aBEbnOm36x5E6Pg1a6QQ--" type="image/jpeg" height="130" width="101"/>
     <media:text><![CDATA[<p><a href="http://us.rd.yahoo.com/dailynews/rss/topstories/*http://news.yahoo.com/s/ap/20051029/ap_on_go_pr_wh/cia_leak_investigation"><img src="http://us.news3.yimg.com/us.i2.yimg.com/p/ap/20051028/capt.whre10110281414.cia_leak_investigation_whre101.jpg?x=101&amp;y=130&amp;sig=N4aBEbnOm36x5E6Pg1a6QQ--" align="left" height="130" width="101" alt="photo" title="Vice President Dick Cheney's chief of staff, I. Lewis 'Scooter' Libby walks from the White House on crutches, Friday, Oct. 28, 2005, to the Eisenhower Executive Building on the White House compound. White House officials braced for the possibility that Cheney's top aide would be indicted in the CIA leak case, but held out hope presidential confidant Karl Rove might escape charges for the time being. (AP Photo/Pablo Martinez Monsivais )" border="0"/></a></p><br clear=all>]]></media:text>
      <media:credit role="provider">(AP)</media:credit>

</item>
<item>
<title>Bush Stresses Libby Is Presumed Innocent (AP)</title>
 <link>http://us.rd.yahoo.com/dailynews/rss/topstories/*http://news.yahoo.com/s/ap/20051029/ap_on_go_pr_wh/bush_cia_leak</link>
 <guid isPermaLink="false">ap/20051029/bush_cia_leak</guid>
<pubDate>Sat, 29 Oct 2005 02:18:34 GMT</pubDate>
<description><![CDATA[<p><a href="http://us.rd.yahoo.com/dailynews/rss/topstories/*http://news.yahoo.com/s/ap/20051029/ap_on_go_pr_wh/bush_cia_leak"><img src="http://us.news3.yimg.com/us.i2.yimg.com/p/ap/20051028/capt.whsw10110282013.bush__whsw101.jpg?x=98&amp;y=130&amp;sig=D5RpWVlvuTJx42vHJpf2hA--" align="left" height="130" width="98" alt="President Bush makes a statement about the CIA leak investigation from the South Lawn of the White House, Friday, Oct. 28, 2005 before heading to Camp David for the weekend. Bush says I. Lewis 'Scooter' Libby Jr., has sacrificed much in service of the White House and should be presumed innocent pending trial.   (AP Photo/Susan Walsh)" border="0" /></a>AP - President Bush and Vice President Dick Cheney volunteered glowing endorsements and expressed no criticism of I. Lewis Libby on Friday as the senior White House adviser was indicted, resigned and lost his security clearance.</p><br clear=all>]]></description>
     <media:content url="http://us.news3.yimg.com/us.i2.yimg.com/p/ap/20051028/capt.whsw10110282013.bush__whsw101.jpg?x=98&amp;y=130&amp;sig=D5RpWVlvuTJx42vHJpf2hA--" type="image/jpeg" height="130" width="98"/>
     <media:text><![CDATA[<p><a href="http://us.rd.yahoo.com/dailynews/rss/topstories/*http://news.yahoo.com/s/ap/20051029/ap_on_go_pr_wh/bush_cia_leak"><img src="http://us.news3.yimg.com/us.i2.yimg.com/p/ap/20051028/capt.whsw10110282013.bush__whsw101.jpg?x=98&amp;y=130&amp;sig=D5RpWVlvuTJx42vHJpf2hA--" align="left" height="130" width="98" alt="photo" title="President Bush makes a statement about the CIA leak investigation from the South Lawn of the White House, Friday, Oct. 28, 2005 before heading to Camp David for the weekend. Bush says I. Lewis 'Scooter' Libby Jr., has sacrificed much in service of the White House and should be presumed innocent pending trial.   (AP Photo/Susan Walsh)" border="0"/></a></p><br clear=all>]]></media:text>
      <media:credit role="provider">(AP)</media:credit>

</item>
<item>
<title>New Orleans Police Fire 51 for Desertion (AP)</title>
 <link>http://us.rd.yahoo.com/dailynews/rss/topstories/*http://news.yahoo.com/s/ap/20051029/ap_on_re_us/katrina_police_fired</link>
 <guid isPermaLink="false">ap/20051029/katrina_police_fired</guid>
<pubDate>Sat, 29 Oct 2005 02:15:46 GMT</pubDate>
<description><![CDATA[<p><a href="http://us.rd.yahoo.com/dailynews/rss/topstories/*http://news.yahoo.com/s/ap/20051029/ap_on_re_us/katrina_police_fired"><img src="http://us.news3.yimg.com/us.i2.yimg.com/p/ap/20051028/capt.msjw10510282234.katrina_policing_msjw105.jpg?x=130&amp;y=77&amp;sig=_EeB04kszNNYcUZawuAiFg--" align="left" height="77" width="130" alt="Patrol units of the Hancock County Sheriff's Department sit in ruin outside the department's repair facility in Bay St. Louis, Miss., Oct. 13, 2005. Up and down the Mississippi coastline devastated by Katrina's winds and storm surge on Aug. 29, hobbled police departments are struggling to uphold the law. (AP Photo/John Wilkerson)" border="0" /></a>AP - Fifty-one members of the New Orleans Police Department &amp;#151; 45 officers and six civilian employees &amp;#151; were fired Friday for abandoning their posts before or after Hurricane Katrina.</p><br clear=all>]]></description>
     <media:content url="http://us.news3.yimg.com/us.i2.yimg.com/p/ap/20051028/capt.msjw10510282234.katrina_policing_msjw105.jpg?x=130&amp;y=77&amp;sig=_EeB04kszNNYcUZawuAiFg--" type="image/jpeg" height="77" width="130"/>
     <media:text><![CDATA[<p><a href="http://us.rd.yahoo.com/dailynews/rss/topstories/*http://news.yahoo.com/s/ap/20051029/ap_on_re_us/katrina_police_fired"><img src="http://us.news3.yimg.com/us.i2.yimg.com/p/ap/20051028/capt.msjw10510282234.katrina_policing_msjw105.jpg?x=130&amp;y=77&amp;sig=_EeB04kszNNYcUZawuAiFg--" align="left" height="77" width="130" alt="photo" title="Patrol units of the Hancock County Sheriff's Department sit in ruin outside the department's repair facility in Bay St. Louis, Miss., Oct. 13, 2005. Up and down the Mississippi coastline devastated by Katrina's winds and storm surge on Aug. 29, hobbled police departments are struggling to uphold the law. (AP Photo/John Wilkerson)" border="0"/></a></p><br clear=all>]]></media:text>
      <media:credit role="provider">(AP)</media:credit>

</item>
<item>
<title>Rosa Parks to Lie in Honor at Capitol (AP)</title>
 <link>http://us.rd.yahoo.com/dailynews/rss/topstories/*http://news.yahoo.com/s/ap/20051029/ap_on_go_co/rosa_parks_capitol</link>
 <guid isPermaLink="false">ap/20051029/rosa_parks_capitol</guid>
<pubDate>Sat, 29 Oct 2005 02:15:11 GMT</pubDate>
<description><![CDATA[<p><a href="http://us.rd.yahoo.com/dailynews/rss/topstories/*http://news.yahoo.com/s/ap/20051029/ap_on_go_co/rosa_parks_capitol"><img src="http://us.news3.yimg.com/us.i2.yimg.com/p/ap/20051028/capt.ny11110280329.rosa_parks_capitol_ny111.jpg?x=90&amp;y=130&amp;sig=AuImxZnEu75KoQJxzlJYcQ--" align="left" height="130" width="90" alt="Rosa Parks smiles during a Capitol Hill ceremony where Mrs. Parks was honored with the Congressional Gold Medal Tuesday, June 15, 1999, in Washington. Parks, whose refusal to give up her bus seat to a white man sparked the modern civil rights movement, died Monday Oct. 24, 2005. She was 92. Parks would become the first woman to lie in honor in the Capitol Rotunda under a Senate-passed resolution up for a House vote Friday. (AP Photo/Khue Bui)" border="0" /></a>AP - In death, Rosa Parks is joining a select few, including presidents and war heroes, accorded a public viewing in the Capitol Rotunda. It&#039;s the place where, six years ago, President Clinton and congressional leaders lauded the former seamstress for a simple act of defiance that changed the course of race relations.</p><br clear=all>]]></description>
     <media:content url="http://us.news3.yimg.com/us.i2.yimg.com/p/ap/20051028/capt.ny11110280329.rosa_parks_capitol_ny111.jpg?x=90&amp;y=130&amp;sig=AuImxZnEu75KoQJxzlJYcQ--" type="image/jpeg" height="130" width="90"/>
     <media:text><![CDATA[<p><a href="http://us.rd.yahoo.com/dailynews/rss/topstories/*http://news.yahoo.com/s/ap/20051029/ap_on_go_co/rosa_parks_capitol"><img src="http://us.news3.yimg.com/us.i2.yimg.com/p/ap/20051028/capt.ny11110280329.rosa_parks_capitol_ny111.jpg?x=90&amp;y=130&amp;sig=AuImxZnEu75KoQJxzlJYcQ--" align="left" height="130" width="90" alt="photo" title="Rosa Parks smiles during a Capitol Hill ceremony where Mrs. Parks was honored with the Congressional Gold Medal Tuesday, June 15, 1999, in Washington. Parks, whose refusal to give up her bus seat to a white man sparked the modern civil rights movement, died Monday Oct. 24, 2005. She was 92. Parks would become the first woman to lie in honor in the Capitol Rotunda under a Senate-passed resolution up for a House vote Friday. (AP Photo/Khue Bui)" border="0"/></a></p><br clear=all>]]></media:text>
      <media:credit role="provider">(AP)</media:credit>

</item>
<item>
<title>Lessons emerge from pick&#039;s failure (USATODAY.com)</title>
 <link>http://us.rd.yahoo.com/dailynews/rss/topstories/*http://news.yahoo.com/s/usatoday/lessonsemergefrompicksfailure</link>
 <guid isPermaLink="false">usatoday/20051028/lessonsemergefrompicksfailure</guid>
<pubDate>Fri, 28 Oct 2005 11:08:06 GMT</pubDate>
<description>USATODAY.com - Harriet Miers&#039; nomination to the Supreme Court followed a steady downhill path from the day President Bush announced his choice just over three weeks ago. Now, with the stakes and emotions even higher, the question is whether the lessons of a bruising defeat can help him avoid a repeat performance.</description>
</item>
<item>
<title>Bone Fragments Found Near WTC Said Human (AP)</title>
 <link>http://us.rd.yahoo.com/dailynews/rss/topstories/*http://news.yahoo.com/s/ap/20051029/ap_on_re_us/bones_ground_zero</link>
 <guid isPermaLink="false">ap/20051029/bones_ground_zero</guid>
<pubDate>Sat, 29 Oct 2005 02:12:22 GMT</pubDate>
<description>AP - Ten bone fragments discovered more than four years after the World Trade Center attacks on the rooftop of a nearby skyscraper are human, officials said Friday.</description>
</item>
<item>
<title>Births to Unmarried U.S. Women Set Record (AP)</title>
 <link>http://us.rd.yahoo.com/dailynews/rss/topstories/*http://news.yahoo.com/s/ap/20051029/ap_on_re_us/american_births</link>
 <guid isPermaLink="false">ap/20051029/american_births</guid>
<pubDate>Sat, 29 Oct 2005 02:12:22 GMT</pubDate>
<description>AP - Nearly 1.5 million babies, a record, were born to unmarried women in the United States last year, the government reported Friday. And it isn&#039;t just teenagers any more.</description>
</item>
<item>
<title>Exxon-Mobil Workers Got Fake Flu Shots (AP)</title>
 <link>http://us.rd.yahoo.com/dailynews/rss/topstories/*http://news.yahoo.com/s/ap/20051029/ap_on_he_me/fake_flu_shots</link>
 <guid isPermaLink="false">ap/20051029/fake_flu_shots</guid>
<pubDate>Sat, 29 Oct 2005 02:11:30 GMT</pubDate>
<description><![CDATA[<p><a href="http://us.rd.yahoo.com/dailynews/rss/topstories/*http://news.yahoo.com/s/ap/20051029/ap_on_he_me/fake_flu_shots"><img src="http://us.news3.yimg.com/us.i2.yimg.com/p/afp/20051008/capt.sge.pfh36.081005183103.photo00.photo.default-272x382.jpg?x=92&amp;y=130&amp;sig=aW.74FR0bYwZ10ph1bWIlQ--" align="left" height="130" width="92" alt="A health technician administers a flu shot. The United States is woefully unprepared for a possible outbreak of pandemic flu which could kill up to 1.9 million Americans, according to a draft official plan.(AFP/File/Don Emmert)" border="0" /></a>AP - As many as 1,000 Exxon Mobil employees and 14 residents of a senior citizens home were injected with fake flu vaccine, authorities said Friday, and the owner of a home health care company was arrested.</p><br clear=all>]]></description>
     <media:content url="http://us.news3.yimg.com/us.i2.yimg.com/p/afp/20051008/capt.sge.pfh36.081005183103.photo00.photo.default-272x382.jpg?x=92&amp;y=130&amp;sig=aW.74FR0bYwZ10ph1bWIlQ--" type="image/jpeg" height="130" width="92"/>
     <media:text><![CDATA[<p><a href="http://us.rd.yahoo.com/dailynews/rss/topstories/*http://news.yahoo.com/s/ap/20051029/ap_on_he_me/fake_flu_shots"><img src="http://us.news3.yimg.com/us.i2.yimg.com/p/afp/20051008/capt.sge.pfh36.081005183103.photo00.photo.default-272x382.jpg?x=92&amp;y=130&amp;sig=aW.74FR0bYwZ10ph1bWIlQ--" align="left" height="130" width="92" alt="photo" title="A health technician administers a flu shot. The United States is woefully unprepared for a possible outbreak of pandemic flu which could kill up to 1.9 million Americans, according to a draft official plan.(AFP/File/Don Emmert)" border="0"/></a></p><br clear=all>]]></media:text>
      <media:credit role="provider">(AP)</media:credit>

</item>
<item>
<title>Sylvester Stallone to Revive Rambo Role (AP)</title>
 <link>http://us.rd.yahoo.com/dailynews/rss/topstories/*http://news.yahoo.com/s/ap/20051029/ap_on_en_mo/people_sylvester_stallone</link>
 <guid isPermaLink="false">ap/20051029/people_sylvester_stallone</guid>
<pubDate>Sat, 29 Oct 2005 02:10:42 GMT</pubDate>
<description><![CDATA[<p><a href="http://us.rd.yahoo.com/dailynews/rss/topstories/*http://news.yahoo.com/s/ap/20051029/ap_on_en_mo/people_sylvester_stallone"><img src="http://us.news3.yimg.com/us.i2.yimg.com/p/ap/20051029/capt.la11210290024.people_sylvester_stallone_la112.jpg?x=95&amp;y=130&amp;sig=Y0C11tfPDv.r4TTxHgm4Ww--" align="left" height="130" width="95" alt="Sylvester Stallone is seen in this Jan. 21, 2005 file photo in Universal City, Calif. Stallone will reprise his role as gun-toting John Rambo in the upcoming 'Rambo IV,' said Ben Nedivi of Millennium Films, on Friday, Oct. 28, 2005, which is producing the project with Emmett/Furla Films. (AP Photo/Tammie Arroyo, File)" border="0" /></a>AP - Rambo is back in business. Sylvester Stallone will reprise his role as gun-toting John Rambo in the upcoming &quot;Rambo IV,&quot; said Ben Nedivi of Millennium Films, which is producing the project with Emmett/Furla Films.</p><br clear=all>]]></description>
     <media:content url="http://us.news3.yimg.com/us.i2.yimg.com/p/ap/20051029/capt.la11210290024.people_sylvester_stallone_la112.jpg?x=95&amp;y=130&amp;sig=Y0C11tfPDv.r4TTxHgm4Ww--" type="image/jpeg" height="130" width="95"/>
     <media:text><![CDATA[<p><a href="http://us.rd.yahoo.com/dailynews/rss/topstories/*http://news.yahoo.com/s/ap/20051029/ap_on_en_mo/people_sylvester_stallone"><img src="http://us.news3.yimg.com/us.i2.yimg.com/p/ap/20051029/capt.la11210290024.people_sylvester_stallone_la112.jpg?x=95&amp;y=130&amp;sig=Y0C11tfPDv.r4TTxHgm4Ww--" align="left" height="130" width="95" alt="photo" title="Sylvester Stallone is seen in this Jan. 21, 2005 file photo in Universal City, Calif. Stallone will reprise his role as gun-toting John Rambo in the upcoming 'Rambo IV,' said Ben Nedivi of Millennium Films, on Friday, Oct. 28, 2005, which is producing the project with Emmett/Furla Films. (AP Photo/Tammie Arroyo, File)" border="0"/></a></p><br clear=all>]]></media:text>
      <media:credit role="provider">(AP)</media:credit>

</item>
<item>
<title>Lowery Takes Lead at Chrysler Championship (AP)</title>
 <link>http://us.rd.yahoo.com/dailynews/rss/topstories/*http://news.yahoo.com/s/ap/20051029/ap_on_sp_go_su/glf_chrysler_championship</link>
 <guid isPermaLink="false">ap/20051029/glf_chrysler_championship</guid>
<pubDate>Sat, 29 Oct 2005 02:10:13 GMT</pubDate>
<description><![CDATA[<p><a href="http://us.rd.yahoo.com/dailynews/rss/topstories/*http://news.yahoo.com/s/ap/20051029/ap_on_sp_go_su/glf_chrysler_championship"><img src="http://us.news3.yimg.com/us.i2.yimg.com/p/ap/20051028/capt.flsn10810282309.chrysler_championship_flsn108.jpg?x=86&amp;y=130&amp;sig=laly1PKZg.KmbytZdhuXOw--" align="left" height="130" width="86" alt="Vijay Singh of Fiji watches his shot from the rough to the second green during the second round of the Chrysler Championship on Friday, Oct. 28, 2005, in Palm Harbor, Fla. Singh, the defending tournament champion, failed to make the cut, finishing at 3-over-par 145. (AP Photo/Steve Nesius)" border="0" /></a>AP - Steve Lowery and Bo Van Pelt, two guys who didn&#039;t earn a dime the first few months of the season, played some of their best golf Friday at the Chrysler Championship on a tough day that sent Vijay Singh home early for the second straight week.</p><br clear=all>]]></description>
     <media:content url="http://us.news3.yimg.com/us.i2.yimg.com/p/ap/20051028/capt.flsn10810282309.chrysler_championship_flsn108.jpg?x=86&amp;y=130&amp;sig=laly1PKZg.KmbytZdhuXOw--" type="image/jpeg" height="130" width="86"/>
     <media:text><![CDATA[<p><a href="http://us.rd.yahoo.com/dailynews/rss/topstories/*http://news.yahoo.com/s/ap/20051029/ap_on_sp_go_su/glf_chrysler_championship"><img src="http://us.news3.yimg.com/us.i2.yimg.com/p/ap/20051028/capt.flsn10810282309.chrysler_championship_flsn108.jpg?x=86&amp;y=130&amp;sig=laly1PKZg.KmbytZdhuXOw--" align="left" height="130" width="86" alt="photo" title="Vijay Singh of Fiji watches his shot from the rough to the second green during the second round of the Chrysler Championship on Friday, Oct. 28, 2005, in Palm Harbor, Fla. Singh, the defending tournament champion, failed to make the cut, finishing at 3-over-par 145. (AP Photo/Steve Nesius)" border="0"/></a></p><br clear=all>]]></media:text>
      <media:credit role="provider">(AP)</media:credit>

</item>
<item>
<title>Top Cheney aide indicted in leak probe (Reuters)</title>
 <link>http://us.rd.yahoo.com/dailynews/rss/topstories/*http://news.yahoo.com/s/nm/20051029/pl_nm/bush_leak_dc</link>
 <guid isPermaLink="false">nm/20051029/bush_leak_dc</guid>
<pubDate>Sat, 29 Oct 2005 01:12:39 GMT</pubDate>
<description><![CDATA[<p><a href="http://us.rd.yahoo.com/dailynews/rss/topstories/*http://news.yahoo.com/s/nm/20051029/pl_nm/bush_leak_dc"><img src="http://us.news3.yimg.com/us.i2.yimg.com/p/nm/20051029/2005_10_28t210830_324x450_us_bush_leak.jpg?x=93&amp;y=130&amp;sig=ltNkWC1pWwO5HInmLEQHxg--" align="left" height="130" width="93" alt="Special counsel Patrick Fitzgerald (L) and FBI Special Agent in Charge John Eckenrode are shown on a video screen during a news conference about the indictments that have brought against U.S. Vice President Dick Cheney's chief of staff, Lewis 'Scooter' Libby, at the Justice Department in Washington, D.C., October 28, 2005. Libby, who immediately resigned his position at the White House, was indicted on five criminal counts of obstruction of justice, perjury and making false statements after a two-year investigation into the leak of a covert CIA operative Valerie Plame's identity. (Jim Young/Reuters)" border="0" /></a>Reuters - In a damaging blow to a beleaguered 
White House, Vice President Dick Cheney&#039;s chief of staff, Lewis 
Libby, was indicted on Friday for obstructing justice, perjury 
and lying after a two-year investigation into the leak of a 
covert CIA operative&#039;s identity.</p><br clear=all>]]></description>
     <media:content url="http://us.news3.yimg.com/us.i2.yimg.com/p/nm/20051029/2005_10_28t210830_324x450_us_bush_leak.jpg?x=93&amp;y=130&amp;sig=ltNkWC1pWwO5HInmLEQHxg--" type="image/jpeg" height="130" width="93"/>
     <media:text><![CDATA[<p><a href="http://us.rd.yahoo.com/dailynews/rss/topstories/*http://news.yahoo.com/s/nm/20051029/pl_nm/bush_leak_dc"><img src="http://us.news3.yimg.com/us.i2.yimg.com/p/nm/20051029/2005_10_28t210830_324x450_us_bush_leak.jpg?x=93&amp;y=130&amp;sig=ltNkWC1pWwO5HInmLEQHxg--" align="left" height="130" width="93" alt="photo" title="Special counsel Patrick Fitzgerald (L) and FBI Special Agent in Charge John Eckenrode are shown on a video screen during a news conference about the indictments that have brought against U.S. Vice President Dick Cheney's chief of staff, Lewis 'Scooter' Libby, at the Justice Department in Washington, D.C., October 28, 2005. Libby, who immediately resigned his position at the White House, was indicted on five criminal counts of obstruction of justice, perjury and making false statements after a two-year investigation into the leak of a covert CIA operative Valerie Plame's identity. (Jim Young/Reuters)" border="0"/></a></p><br clear=all>]]></media:text>
      <media:credit role="provider">(Reuters)</media:credit>

</item>
<item>
<title>Libby indictment piles bad news on White House (Reuters)</title>
 <link>http://us.rd.yahoo.com/dailynews/rss/topstories/*http://news.yahoo.com/s/nm/20051028/pl_nm/bush_leak_politics_dc</link>
 <guid isPermaLink="false">nm/20051028/bush_leak_politics_dc</guid>
<pubDate>Fri, 28 Oct 2005 21:31:10 GMT</pubDate>
<description><![CDATA[<p><a href="http://us.rd.yahoo.com/dailynews/rss/topstories/*http://news.yahoo.com/s/nm/20051028/pl_nm/bush_leak_politics_dc"><img src="http://us.news3.yimg.com/us.i2.yimg.com/p/nm/20051029/2005_10_28t173435_450x298_us_bush_leak_politics.jpg?x=130&amp;y=86&amp;sig=ihKFcnnV2UDr7thuVkAKYA--" align="left" height="86" width="130" alt="Lewis 'Scooter' Libby, Vice President Cheney's chief of staff, is driven to work from his home in McLean, Virginia, October 28, 2005. Libby is believed to be a main focus of a special counsel's probe into the leak of the identity of CIA operative Valerie Plame. (Jonathan Ernst/Reuters)" border="0" /></a>Reuters - The indictment of Vice President 
Dick Cheney&#039;s top aide on Friday capped a miserable streak of 
bad news for the White House and left a staggered President 
George W. Bush searching for a way to turn around his political 
fortunes.</p><br clear=all>]]></description>
     <media:content url="http://us.news3.yimg.com/us.i2.yimg.com/p/nm/20051029/2005_10_28t173435_450x298_us_bush_leak_politics.jpg?x=130&amp;y=86&amp;sig=ihKFcnnV2UDr7thuVkAKYA--" type="image/jpeg" height="86" width="130"/>
     <media:text><![CDATA[<p><a href="http://us.rd.yahoo.com/dailynews/rss/topstories/*http://news.yahoo.com/s/nm/20051028/pl_nm/bush_leak_politics_dc"><img src="http://us.news3.yimg.com/us.i2.yimg.com/p/nm/20051029/2005_10_28t173435_450x298_us_bush_leak_politics.jpg?x=130&amp;y=86&amp;sig=ihKFcnnV2UDr7thuVkAKYA--" align="left" height="86" width="130" alt="photo" title="Lewis 'Scooter' Libby, Vice President Cheney's chief of staff, is driven to work from his home in McLean, Virginia, October 28, 2005. Libby is believed to be a main focus of a special counsel's probe into the leak of the identity of CIA operative Valerie Plame. (Jonathan Ernst/Reuters)" border="0"/></a></p><br clear=all>]]></media:text>
      <media:credit role="provider">(Reuters)</media:credit>

</item>
<item>
<title>Bush looks for new Supreme Court nominee (Reuters)</title>
 <link>http://us.rd.yahoo.com/dailynews/rss/topstories/*http://news.yahoo.com/s/nm/20051028/pl_nm/bush_court_dc</link>
 <guid isPermaLink="false">nm/20051028/bush_court_dc</guid>
<pubDate>Fri, 28 Oct 2005 23:25:33 GMT</pubDate>
<description><![CDATA[<p><a href="http://us.rd.yahoo.com/dailynews/rss/topstories/*http://news.yahoo.com/s/nm/20051028/pl_nm/bush_court_dc"><img src="http://us.news3.yimg.com/us.i2.yimg.com/p/nm/20051028/2005_10_28t155908_302x450_us_bush_court.jpg?x=87&amp;y=130&amp;sig=qnXuPyO.27xp5VdBq4Cpuw--" align="left" height="130" width="87" alt="President Bush speaks in the East Room of the White House October 28, 2005. (Larry Downing/Reuters)" border="0" /></a>Reuters - President George W. Bush, after the 
stinging failure to get Harriet Miers on the U.S. Supreme Court 
due to a conservative rebellion, looked for a new nominee on 
Friday and aides expected him to announce his choice in a 
matter of days.</p><br clear=all>]]></description>
     <media:content url="http://us.news3.yimg.com/us.i2.yimg.com/p/nm/20051028/2005_10_28t155908_302x450_us_bush_court.jpg?x=87&amp;y=130&amp;sig=qnXuPyO.27xp5VdBq4Cpuw--" type="image/jpeg" height="130" width="87"/>
     <media:text><![CDATA[<p><a href="http://us.rd.yahoo.com/dailynews/rss/topstories/*http://news.yahoo.com/s/nm/20051028/pl_nm/bush_court_dc"><img src="http://us.news3.yimg.com/us.i2.yimg.com/p/nm/20051028/2005_10_28t155908_302x450_us_bush_court.jpg?x=87&amp;y=130&amp;sig=qnXuPyO.27xp5VdBq4Cpuw--" align="left" height="130" width="87" alt="photo" title="President Bush speaks in the East Room of the White House October 28, 2005. (Larry Downing/Reuters)" border="0"/></a></p><br clear=all>]]></media:text>
      <media:credit role="provider">(Reuters)</media:credit>

</item>
<item>
<title>Saddam accepted UAE exile plan to avert Iraq war-TV (Reuters)</title>
 <link>http://us.rd.yahoo.com/dailynews/rss/topstories/*http://news.yahoo.com/s/nm/20051028/ts_nm/iraq_saddam_exile_dc</link>
 <guid isPermaLink="false">nm/20051028/iraq_saddam_exile_dc</guid>
<pubDate>Fri, 28 Oct 2005 21:19:03 GMT</pubDate>
<description><![CDATA[<p><a href="http://us.rd.yahoo.com/dailynews/rss/topstories/*http://news.yahoo.com/s/nm/20051028/ts_nm/iraq_saddam_exile_dc"><img src="http://us.news3.yimg.com/us.i2.yimg.com/p/afp/20051026/capt.sge.uvg50.261005183930.photo00.photo.default-253x384.jpg?x=85&amp;y=130&amp;sig=mEA04MmufxnCS0N8Mn6L9Q--" align="left" height="130" width="85" alt="Lawyers representing Saddam Hussein announced that they will suspend all contacts with the special tribunal trying the ousted Iraqi president until they are given better security.(AFP/POOL/File/Bob Strong)" border="0" /></a>Reuters - Deposed Iraqi leader Saddam Hussein had 
secretly accepted a last-minute plan to go into exile to avert 
the 2003 Iraq war, but Arab leaders shot the proposal down, Al 
Arabiya television reported on Friday.</p><br clear=all>]]></description>
     <media:content url="http://us.news3.yimg.com/us.i2.yimg.com/p/afp/20051026/capt.sge.uvg50.261005183930.photo00.photo.default-253x384.jpg?x=85&amp;y=130&amp;sig=mEA04MmufxnCS0N8Mn6L9Q--" type="image/jpeg" height="130" width="85"/>
     <media:text><![CDATA[<p><a href="http://us.rd.yahoo.com/dailynews/rss/topstories/*http://news.yahoo.com/s/nm/20051028/ts_nm/iraq_saddam_exile_dc"><img src="http://us.news3.yimg.com/us.i2.yimg.com/p/afp/20051026/capt.sge.uvg50.261005183930.photo00.photo.default-253x384.jpg?x=85&amp;y=130&amp;sig=mEA04MmufxnCS0N8Mn6L9Q--" align="left" height="130" width="85" alt="photo" title="Lawyers representing Saddam Hussein announced that they will suspend all contacts with the special tribunal trying the ousted Iraqi president until they are given better security.(AFP/POOL/File/Bob Strong)" border="0"/></a></p><br clear=all>]]></media:text>
      <media:credit role="provider">(Reuters)</media:credit>

</item>
<item>
<title>US invites UN torture investigator to Guantanamo (Reuters)</title>
 <link>http://us.rd.yahoo.com/dailynews/rss/topstories/*http://news.yahoo.com/s/nm/20051028/ts_nm/security_guantanamo_dc</link>
 <guid isPermaLink="false">nm/20051028/security_guantanamo_dc</guid>
<pubDate>Fri, 28 Oct 2005 23:43:36 GMT</pubDate>
<description><![CDATA[<p><a href="http://us.rd.yahoo.com/dailynews/rss/topstories/*http://news.yahoo.com/s/nm/20051028/ts_nm/security_guantanamo_dc"><img src="http://us.news3.yimg.com/us.i2.yimg.com/p/nm/20051029/2005_10_28t184253_450x338_us_security_guantanamo.jpg?x=130&amp;y=97&amp;sig=7NaUPcH7ZZz3gcdS6YcusA--" align="left" height="97" width="130" alt="Items that each detainee is permitted to possess are displayed at Camp Delta in Guantanamo, Cuba July 6, 2005. Each detainee is permitted to possess items including Koran, Prayer Rug, flip-flop sandals, uniforms, towels and finger-tooth brush. The United States on Friday invited three U.N. human rights investigators, including the one who examines torture allegations, to visit the Guantanamo Bay prison camp in a bid to show 'we have nothing to hide.' (Deborah Gembara/Reuters)" border="0" /></a>Reuters - The United States on Friday invited 
three U.N. human rights investigators, including the one who 
examines torture allegations, to visit the Guantanamo Bay 
prison camp in a bid to show &quot;we have nothing to hide.&quot;</p><br clear=all>]]></description>
     <media:content url="http://us.news3.yimg.com/us.i2.yimg.com/p/nm/20051029/2005_10_28t184253_450x338_us_security_guantanamo.jpg?x=130&amp;y=97&amp;sig=7NaUPcH7ZZz3gcdS6YcusA--" type="image/jpeg" height="97" width="130"/>
     <media:text><![CDATA[<p><a href="http://us.rd.yahoo.com/dailynews/rss/topstories/*http://news.yahoo.com/s/nm/20051028/ts_nm/security_guantanamo_dc"><img src="http://us.news3.yimg.com/us.i2.yimg.com/p/nm/20051029/2005_10_28t184253_450x338_us_security_guantanamo.jpg?x=130&amp;y=97&amp;sig=7NaUPcH7ZZz3gcdS6YcusA--" align="left" height="97" width="130" alt="photo" title="Items that each detainee is permitted to possess are displayed at Camp Delta in Guantanamo, Cuba July 6, 2005. Each detainee is permitted to possess items including Koran, Prayer Rug, flip-flop sandals, uniforms, towels and finger-tooth brush. The United States on Friday invited three U.N. human rights investigators, including the one who examines torture allegations, to visit the Guantanamo Bay prison camp in a bid to show 'we have nothing to hide.' (Deborah Gembara/Reuters)" border="0"/></a></p><br clear=all>]]></media:text>
      <media:credit role="provider">(Reuters)</media:credit>

</item>
<item>
<title>Director Warns of Big Screens&#039; Extinction (Los Angeles Times)</title>
 <link>http://us.rd.yahoo.com/dailynews/rss/topstories/*http://news.yahoo.com/s/latimests/20051028/ts_latimes/directorwarnsofbigscreensextinction</link>
 <guid isPermaLink="false">latimests/20051028/directorwarnsofbigscreensextinction</guid>
<pubDate>Fri, 28 Oct 2005 11:55:50 GMT</pubDate>
<description>Los Angeles Times - One of Hollywood&#039;s top filmmakers delivered a rallying cry to the nation&#039;s theater owners Thursday, warning that one of the great American traditions &amp;#8212; the collective moviegoing experience &amp;#8212; was being threatened with extinction.</description>
</item>
<item>
<title>Schwarzenegger Tone Is Humble in New Ad (Los Angeles Times)</title>
 <link>http://us.rd.yahoo.com/dailynews/rss/topstories/*http://news.yahoo.com/s/latimests/20051028/ts_latimes/schwarzeneggertoneishumbleinnewad</link>
 <guid isPermaLink="false">latimests/20051028/schwarzeneggertoneishumbleinnewad</guid>
<pubDate>Fri, 28 Oct 2005 11:55:50 GMT</pubDate>
<description>Los Angeles Times - With a new poll showing his ballot agenda in jeopardy, Gov. Arnold Schwarzenegger on Thursday made a sharp strategic shift just 12 days before the election, releasing a new television ad in which he concedes shortcomings on the job.</description>
</item>
<item>
<title>As Momentum Grew Against Her, a &#039;Good Soldier&#039; Acted (Los Angeles Times)</title>
 <link>http://us.rd.yahoo.com/dailynews/rss/topstories/*http://news.yahoo.com/s/latimests/20051028/ts_latimes/asmomentumgrewagainstheragoodsoldieracted</link>
 <guid isPermaLink="false">latimests/20051028/asmomentumgrewagainstheragoodsoldieracted</guid>
<pubDate>Fri, 28 Oct 2005 11:55:50 GMT</pubDate>
<description>Los Angeles Times - WASHINGTON &amp;#8212; On Wednesday, shortly before midnight, weary White House aides traveled up to Capitol Hill with boxes of documents sought by senators considering the nomination of White House Counsel Harriet E. Miers as an associate justice of the Supreme Court. At 7:30 a.m. Thursday, they were busy conferring with Senate staffers on the logistics of distributing the papers.</description>
</item>
<item>
<title>Right Stares Down White House, and Wins (Los Angeles Times)</title>
 <link>http://us.rd.yahoo.com/dailynews/rss/topstories/*http://news.yahoo.com/s/latimests/20051028/ts_latimes/rightstaresdownwhitehouseandwins</link>
 <guid isPermaLink="false">latimests/20051028/rightstaresdownwhitehouseandwins</guid>
<pubDate>Fri, 28 Oct 2005 11:55:50 GMT</pubDate>
<description>Los Angeles Times - WASHINGTON &amp;#8212; By taking a lead role in sinking the Supreme Court nomination of Harriet E. Miers, the conservative wing of the Republican Party declared its independence from the White House and asserted its claim to steer the party rightward even after the George W. Bush era.</description>
</item>
<item>
<title>Bush Withdraws Miers as Nominee (Los Angeles Times)</title>
 <link>http://us.rd.yahoo.com/dailynews/rss/topstories/*http://news.yahoo.com/s/latimests/20051028/ts_latimes/bushwithdrawsmiersasnominee</link>
 <guid isPermaLink="false">latimests/20051028/bushwithdrawsmiersasnominee</guid>
<pubDate>Fri, 28 Oct 2005 11:55:50 GMT</pubDate>
<description>Los Angeles Times - WASHINGTON &amp;#8212; President Bush on Thursday surrendered to an embarrassingly public insurrection by conservative activists and abandoned the Supreme Court nomination of White House Counsel Harriet E. Miers.</description>
</item>
</channel>
</rss>
<!-- server p133.news.scd.yahoo.com -->
